,"CD_i_SIG","CD_i_TILE","CD_ni_SIG","CD_ni_TILE","Ctrl_ni_SIG","Ctrl_ni_TILE","DC_i_SIG","DC_i_TILE","DC_ni_SIG","DC_ni_TILE","UC_i_SIG","UC_i_TILE","UC_ni_SIG","UC_ni_TILE"
51056,0,0,0,0,0,0,0,0,0,0,0,0,0,0
9957,0,0,0,0,0,0,0,0,0,0,0,0,0,0
56603,0,0,0,0,0,0,0,0,0,0,0,0,0,0
204,0,0,0,0,0,0,0,0,0,0,0,0,0,0
952,0,0,0,0,0,0,0,0,0,0,0,0,0,0
54677,0,0,0,0,0,0,0,0,0,0,0,0,0,0
6833,0,0,0,1,0,0,0,0,0,0,0,0,0,0
221,0,0,0,1,0,0,0,0,0,0,0,0,0,0
79017,0,0,0,0,0,0,0,0,0,0,0,0,0,0
5048,0,0,0,0,0,0,0,0,0,0,0,0,0,0
9058,0,0,0,1,0,1,0,0,0,1,0,0,0,1
6540,0,0,0,0,0,0,0,0,0,0,0,0,0,0
2326,0,1,0,1,0,1,0,1,0,1,0,1,0,1
60481,0,0,0,0,0,0,0,0,0,0,0,0,0,0
240,0,0,0,0,0,0,0,0,0,0,0,0,0,0
55,0,0,0,0,0,0,0,0,0,0,0,0,0,0
4190,0,0,0,0,0,0,0,0,0,0,0,0,0,0
1800,0,1,0,1,0,1,0,1,0,1,0,1,0,1
29881,0,0,0,1,0,1,0,0,0,0,0,0,0,0
55349,0,0,0,1,0,1,0,0,0,1,0,0,0,1
92745,0,0,0,0,0,0,0,0,0,0,0,0,0,0
6556,0,1,0,0,0,0,0,1,0,0,0,0,0,0
8540,0,0,0,0,0,0,0,0,0,0,0,0,0,0
11136,0,1,0,1,0,1,0,1,0,1,0,1,0,1
1373,0,1,0,1,0,1,0,1,0,1,0,1,0,1
211,0,0,0,0,0,0,0,0,0,0,0,0,0,0
1244,0,1,0,1,0,1,0,1,0,1,0,1,0,1
2730,0,0,0,0,0,0,0,0,0,0,0,0,0,0
56895,0,0,0,0,0,0,0,0,0,0,0,0,0,0
56052,0,0,0,0,0,0,0,0,0,0,0,0,0,0
2530,1,1,0,1,0,1,0,1,0,1,1,1,0,1
9497,0,1,0,1,0,1,0,1,0,1,0,1,0,1
5009,0,1,0,1,0,1,0,1,0,1,0,1,0,1
51606,0,0,0,0,0,0,0,0,0,0,0,0,0,0
50484,0,0,0,0,0,0,0,0,0,0,0,0,0,0
9563,0,0,0,1,0,0,0,0,0,0,0,0,0,0
9498,0,0,0,0,0,0,0,0,0,0,0,0,0,0
954,0,0,0,1,0,0,0,0,0,0,0,0,0,0
8908,1,0,1,0,1,0,1,0,1,0,1,0,1,0
6646,0,0,0,0,0,0,0,0,0,0,0,0,0,0
6515,0,0,0,0,0,0,0,0,0,0,0,0,0,0
30,0,0,0,1,0,0,0,0,0,0,0,0,0,0
1431,0,0,0,0,0,0,0,0,0,0,0,0,0,0
56848,0,0,0,1,0,0,0,0,0,0,0,0,0,0
3029,0,0,0,1,0,0,0,0,0,0,0,0,0,0
4942,0,1,0,1,0,1,0,1,0,1,0,1,0,1
1606,0,0,0,0,0,0,0,0,0,0,0,0,0,0
4710,0,0,0,0,0,0,0,0,0,0,0,0,0,0
4199,0,0,0,0,0,0,0,0,0,0,0,0,0,0
10797,0,0,0,0,0,0,0,0,0,0,0,0,0,0
5141,0,0,0,0,0,0,0,0,0,0,0,0,0,0
64834,0,0,0,0,0,0,0,0,0,0,0,0,0,0
5315,0,0,0,0,0,0,0,0,0,0,0,0,0,0
2182,0,0,0,0,0,0,0,0,0,0,0,0,0,0
3632,0,0,0,0,0,0,0,0,0,0,0,0,0,0
4129,0,1,0,1,0,1,0,1,0,1,0,1,0,1
8399,1,0,1,0,1,0,1,0,1,0,1,0,1,0
2984,0,0,0,0,0,0,0,0,0,0,0,0,0,0
3340,0,0,0,0,0,0,0,0,0,0,0,0,0,0
440,0,0,0,0,0,0,0,0,0,0,0,0,0,0
11320,0,0,0,1,0,1,0,0,0,1,0,1,0,1
79901,0,1,0,1,0,1,0,1,0,1,0,1,0,1
7037,0,0,0,0,0,0,0,0,0,0,0,0,0,0
3028,0,0,0,0,0,0,0,0,0,0,0,0,0,0
29953,0,0,0,1,0,1,0,0,0,1,0,0,0,1
949,0,0,0,0,0,0,0,0,0,0,0,0,0,0
5151,0,0,0,0,0,0,0,0,0,0,0,0,0,0
8647,1,0,1,0,1,0,1,0,1,0,1,0,1,0
5743,0,1,0,0,0,0,0,0,0,0,0,0,0,0
4905,0,0,0,0,0,0,0,0,0,0,0,0,0,0
771,1,0,1,0,1,0,1,0,1,0,1,0,1,0
38,1,0,1,0,1,0,1,0,1,0,1,0,1,0
5337,0,0,0,0,0,0,0,0,0,0,0,0,0,0
2329,0,0,0,1,0,1,0,0,0,1,0,0,0,1
113235,0,0,0,0,0,0,0,0,0,0,0,0,0,0
32,0,0,0,1,0,0,0,0,0,0,0,0,0,0
22978,0,0,0,0,0,0,0,0,0,0,0,0,0,0
8871,0,0,0,0,0,0,0,0,0,0,0,0,0,0
108,0,0,0,1,0,0,0,0,0,0,0,0,0,0
6507,0,0,0,0,0,0,0,0,0,0,0,0,0,0
8671,1,0,1,0,1,0,1,0,1,0,1,0,1,0
384,0,0,0,1,0,1,0,0,0,1,0,0,0,1
6561,0,1,0,1,0,1,0,1,0,1,0,1,0,1
594,0,0,0,0,0,0,0,0,0,0,0,0,0,0
5351,0,0,0,0,0,0,0,0,0,0,0,0,0,0
338,0,1,0,1,0,1,0,1,0,1,0,1,0,1
3030,0,0,0,0,0,0,0,0,0,0,0,0,0,0
2683,0,0,0,0,0,0,0,0,0,0,0,0,0,0
80271,0,0,0,1,0,0,0,0,0,0,0,0,0,0
8898,0,0,0,0,0,0,0,0,0,0,0,0,0,0
2512,0,1,0,1,0,1,0,1,0,1,0,1,0,1
6820,0,1,0,1,0,1,0,1,0,1,0,1,0,1
6564,0,1,0,1,0,1,0,1,0,1,0,1,0,1
6476,0,1,0,1,0,1,0,1,0,1,0,1,0,1
1811,1,0,1,0,1,0,1,0,1,0,1,0,1,0
1738,0,0,0,0,0,0,0,0,0,0,0,0,0,0
23428,0,0,0,1,0,0,0,0,0,0,0,0,0,0
26227,0,0,0,0,0,0,0,0,0,0,0,0,0,0
1808,0,0,0,0,0,0,0,0,0,0,0,0,0,0
55350,0,1,0,0,0,0,0,0,0,0,0,0,0,0
9942,0,0,0,0,0,0,0,0,0,0,0,0,0,0
1384,0,0,0,1,0,0,0,0,0,0,0,0,0,0
54187,1,0,1,0,1,0,1,0,1,0,1,0,1,0
11332,0,0,0,0,0,0,0,0,0,0,0,0,0,0
80270,0,0,0,0,0,0,0,0,0,0,0,0,0,0
2687,0,0,0,0,0,0,0,0,0,0,0,0,0,0
102724197,0,0,0,0,0,0,0,0,0,0,0,0,0,0
5625,0,1,0,1,0,1,0,1,0,1,0,1,0,1
6576,0,0,0,0,0,0,0,0,0,0,0,0,0,0
6523,0,1,0,1,0,1,0,1,0,1,0,1,0,1
1565,0,1,0,1,0,1,0,1,0,1,0,1,0,1
3162,0,0,0,1,0,0,0,0,0,0,0,0,0,0
27349,0,0,0,0,0,0,0,0,0,0,0,0,0,0
50,0,0,0,1,0,0,0,0,0,0,0,0,0,0
5372,0,0,0,1,0,0,0,0,0,0,0,0,0,0
64781,0,0,0,1,0,1,0,0,0,1,0,1,0,1
5836,1,1,1,0,1,0,1,1,1,0,1,1,1,0
5283,0,0,0,0,0,0,0,0,0,0,0,0,0,0
9517,0,0,0,0,0,0,0,0,0,0,0,0,0,0
5106,0,1,0,1,0,1,0,1,0,1,0,1,0,1
2937,0,0,0,0,0,0,0,0,0,0,0,0,0,0
5834,1,0,1,0,1,0,1,0,1,0,1,0,1,0
113278,0,0,0,0,0,0,0,0,0,0,0,0,0,0
5332,1,0,1,0,1,0,1,0,1,0,1,0,1,0
128869,0,0,0,0,0,0,0,0,0,0,0,0,0,0
412,0,0,0,0,0,0,0,0,0,0,0,0,0,0
5634,1,0,1,0,1,0,1,1,1,0,1,0,1,0
215,0,1,0,1,0,1,0,1,0,1,0,1,0,1
5973,0,0,0,0,0,0,0,0,0,0,0,0,0,0
7355,0,0,0,0,0,0,0,0,0,0,0,0,0,0
5251,0,1,0,1,0,1,0,1,0,1,0,1,0,1
10166,0,1,0,1,0,1,0,1,0,1,0,1,0,1
3038,0,0,0,0,0,0,0,0,0,0,0,0,0,0
55512,0,0,0,1,0,1,0,0,0,1,0,0,0,1
4833,0,0,0,0,0,0,0,0,0,0,0,0,0,0
8140,0,0,0,0,0,0,0,0,0,0,0,0,0,0
343,1,0,1,0,1,0,1,0,1,0,1,0,1,0
23475,0,0,0,1,0,0,0,0,0,0,0,0,0,0
366,0,1,0,0,0,0,0,0,0,0,0,0,0,0
2184,0,0,0,0,0,0,0,0,0,0,0,0,0,0
760,1,0,1,0,1,0,1,0,1,0,1,0,1,0
427,0,0,0,0,0,0,0,0,0,0,0,0,0,0
1891,0,0,0,0,0,0,0,0,0,0,0,0,0,0
6510,0,0,0,0,0,0,0,0,0,0,0,0,0,0
2109,0,0,0,0,0,0,0,0,0,0,0,0,0,0
6822,0,0,0,1,0,1,0,0,0,1,0,0,0,1
587,0,0,0,0,0,0,0,0,0,0,0,0,0,0
10135,0,0,0,0,0,0,0,0,0,0,0,0,0,0
4967,0,0,0,0,0,0,0,0,0,0,0,0,0,0
1577,0,0,0,1,0,1,0,0,0,1,0,0,0,1
3614,0,0,0,0,0,0,0,0,0,0,0,0,0,0
644,0,0,0,0,0,0,0,0,0,0,0,0,0,0
6505,0,0,0,1,0,1,0,0,0,1,0,0,0,1
54981,0,0,0,0,0,0,0,0,0,0,0,0,0,0
203,1,0,1,0,1,0,1,1,1,0,1,0,1,0
768,0,1,0,1,0,1,0,1,0,1,0,1,0,1
8029,0,1,0,1,0,1,0,1,0,1,0,1,0,1
1787,0,0,0,0,0,0,0,0,0,0,0,0,0,0
3988,0,1,0,1,0,1,0,1,0,1,0,1,0,1
64077,0,1,0,1,0,1,0,0,0,1,0,1,0,1
1562,0,1,0,1,0,1,0,1,0,1,0,1,0,1
443,0,1,0,1,0,1,0,1,0,1,0,1,0,1
55163,0,0,0,0,0,0,0,0,0,0,0,0,0,0
2584,0,1,0,1,0,1,0,1,0,1,0,1,0,1
2027,0,0,0,0,0,0,0,0,0,0,0,0,0,0
6532,0,1,0,1,0,1,0,1,0,1,0,1,0,1
218,0,0,0,0,0,0,0,0,0,0,1,0,0,0
8714,0,0,0,0,0,0,0,0,0,0,0,0,0,0
230,0,0,0,1,0,1,0,0,0,1,0,0,0,1
7365,0,0,0,0,0,0,0,0,0,0,0,0,0,0
6783,0,1,0,1,0,1,0,1,0,1,0,1,0,1
51166,0,0,0,0,0,0,0,0,0,0,0,0,0,0
6649,0,0,0,0,0,0,0,0,0,0,0,0,0,0
56606,0,1,0,1,0,1,0,1,0,1,0,1,0,1
7358,1,0,1,0,1,0,1,0,1,0,1,0,1,0
6484,1,0,1,0,1,0,1,0,1,0,1,0,1,0
345,0,1,0,1,0,1,0,1,0,1,0,1,0,1
8050,0,0,0,0,0,0,0,0,0,0,0,0,0,0
51296,0,0,0,0,0,0,0,0,0,0,0,0,0,0
1610,1,0,1,0,1,0,1,0,1,0,1,0,1,0
79611,0,0,0,0,0,0,0,0,0,0,0,0,0,0
4048,0,0,0,0,0,0,0,0,0,0,0,0,0,0
80724,0,0,0,1,0,0,0,0,0,0,0,0,0,0
81539,1,1,1,0,1,1,1,1,1,1,1,1,1,1
56994,0,0,0,0,0,0,0,0,0,0,0,0,0,0
28234,0,0,0,0,0,0,0,0,0,0,1,0,0,0
3945,1,1,1,0,1,0,1,1,1,0,1,1,1,0
2651,0,0,0,1,0,1,0,0,0,1,0,0,0,1
4121,0,1,0,1,0,1,0,0,0,1,0,1,0,1
6648,0,0,0,0,0,0,0,0,0,0,0,0,0,0
8876,0,0,0,0,0,0,0,0,0,0,0,0,0,0
8875,0,1,0,0,0,0,0,0,0,0,0,0,0,0
117247,0,0,0,0,0,0,0,0,0,0,0,0,0,0
10846,0,0,0,0,0,0,0,0,0,0,0,0,0,0
23530,0,0,0,0,0,0,0,0,0,0,0,0,0,0
3156,0,0,0,0,0,0,0,0,0,0,0,0,0,0
411,0,0,0,0,0,0,0,0,0,0,0,0,0,0
5144,1,0,1,0,1,0,1,0,1,0,1,0,1,0
64902,0,1,0,1,0,1,0,1,0,1,0,1,0,1
10723,0,0,0,1,0,0,0,0,0,0,0,0,0,0
10007,0,1,0,1,0,1,0,1,0,1,0,1,0,1
56954,0,0,0,0,0,0,0,0,0,0,0,0,0,0
5948,0,1,0,1,0,1,0,1,0,1,0,1,0,1
5947,0,0,0,1,0,0,0,0,0,0,0,0,0,0
5210,0,1,0,1,0,1,0,1,0,1,0,1,0,1
10057,0,0,0,0,0,0,0,0,0,0,0,0,0,0
13,0,1,0,1,0,1,0,1,0,1,0,1,0,1
2820,0,0,0,0,0,0,0,0,0,0,0,0,0,0
2744,0,1,0,1,0,1,0,1,0,1,0,1,0,1
55825,0,0,0,1,0,1,0,0,0,1,0,0,0,1
6549,1,0,1,0,1,0,1,0,1,0,1,0,1,0
4953,0,0,0,0,0,0,0,0,0,0,0,0,0,0
8604,1,0,1,0,1,0,1,0,1,0,1,0,1,0
3938,0,1,0,1,0,1,0,1,0,1,0,1,0,1
6509,0,0,0,0,0,0,0,0,0,0,0,0,0,0
8942,0,0,0,0,0,0,0,0,0,0,0,0,0,0
1718,0,0,0,0,0,0,0,0,0,0,0,0,0,0
271,0,0,0,0,0,0,0,0,0,0,0,0,0,0
51102,0,0,0,0,0,0,0,0,0,0,0,0,0,0
515,0,0,0,0,0,0,0,0,0,0,0,0,0,0
6723,0,0,0,0,0,0,0,0,0,0,0,0,0,0
23169,0,0,0,0,0,0,0,0,0,0,0,0,0,0
79814,0,0,0,0,0,0,0,0,0,0,0,0,0,0
34,0,0,0,0,0,0,0,0,0,0,0,0,0,0
2582,0,0,0,0,0,0,0,0,0,0,0,0,0,0
6513,1,1,1,0,1,0,1,1,1,0,1,1,1,0
533,0,0,0,0,0,0,0,0,0,0,0,0,0,0
10327,0,0,0,0,0,1,0,0,0,1,0,0,0,1
5052,0,0,0,0,0,0,0,0,0,0,0,0,0,0
8503,0,0,0,0,0,0,0,0,0,0,0,0,0,0
9588,1,0,1,0,1,0,1,0,1,0,1,0,1,0
200010,0,1,0,1,0,1,0,1,0,1,0,1,0,1
11181,0,1,0,1,0,1,0,1,0,1,0,1,0,1
335,0,1,0,1,0,1,0,1,0,1,0,1,0,1
9331,0,0,0,1,0,1,0,0,0,1,0,0,0,1
9789,0,0,0,0,0,0,0,0,0,0,0,0,0,0
9615,0,1,0,1,0,1,0,1,0,1,0,1,0,1
80235,1,0,1,0,1,0,1,0,1,0,1,0,1,0
79695,1,0,1,0,1,0,1,0,1,0,1,0,1,0
85365,0,0,0,0,0,0,0,0,0,0,0,0,0,0
10965,0,0,0,1,0,0,0,0,0,0,0,0,0,0
4329,0,0,0,0,0,0,0,0,0,0,0,0,0,0
39,0,0,0,0,0,0,0,0,0,0,0,0,0,0
2053,0,0,0,1,0,1,0,0,0,1,0,0,0,1
157506,0,0,0,0,0,0,0,0,0,0,0,0,0,0
9227,0,1,0,1,0,1,0,1,0,1,0,1,0,1
55268,0,0,0,1,0,0,0,0,0,0,0,0,0,0
847,0,0,0,0,0,0,0,0,0,0,0,0,0,0
51251,0,0,0,0,0,0,0,0,0,0,0,0,0,0
48,0,0,0,0,0,0,0,0,0,0,0,0,0,0
5033,0,0,0,0,0,0,0,0,0,0,0,0,0,0
8034,0,0,0,0,0,0,0,0,0,0,0,0,0,0
35,0,0,0,1,0,0,0,0,0,0,0,0,0,0
262,0,0,0,0,0,0,0,0,0,0,0,0,0,0
206358,0,0,0,1,0,1,0,0,0,1,0,0,0,1
5208,0,0,0,0,0,0,0,0,0,0,0,0,0,0
2181,0,0,0,0,0,0,0,0,0,0,0,0,0,0
79586,0,0,0,0,0,0,0,0,0,0,0,0,0,0
5184,0,1,0,1,0,1,0,1,0,1,0,1,0,1
2739,0,0,0,0,0,0,0,0,0,0,0,0,0,0
2806,0,0,0,0,0,0,0,0,0,0,0,0,0,0
6555,0,1,0,1,0,1,0,1,0,1,0,1,0,1
10257,0,0,0,0,0,0,0,0,0,0,0,0,0,0
3425,0,0,0,1,0,0,0,0,0,0,0,0,0,0
9514,0,0,0,1,0,0,0,0,0,0,0,0,0,0
4248,0,1,0,1,0,1,0,1,0,1,0,1,0,1
4357,0,0,0,0,0,0,0,0,0,0,0,0,0,0
7263,0,0,0,0,0,0,0,0,0,0,0,0,0,0
8854,0,0,0,0,0,0,0,0,0,0,0,0,0,0
1854,0,0,0,0,0,0,0,0,0,0,0,0,0,0
60559,0,0,0,0,0,0,0,0,0,0,0,0,0,0
7166,0,0,0,0,0,0,0,0,0,0,0,0,0,0
5338,0,0,0,0,0,0,0,0,0,0,0,0,0,0
59272,0,1,0,1,0,1,0,1,0,1,0,1,0,1
4705,0,0,0,0,0,0,0,0,0,0,0,0,0,0
6535,0,0,0,1,0,0,0,0,0,0,0,0,0,0
3293,0,0,0,0,0,0,0,0,0,0,0,0,0,0
529,0,0,0,0,0,0,0,0,0,0,0,0,0,0
3620,0,1,0,0,0,0,1,1,0,0,0,0,0,0
26061,0,0,0,1,0,1,0,0,0,1,0,0,0,1
117248,0,0,0,0,0,0,0,1,0,0,0,0,0,0
6533,0,1,0,1,0,1,0,1,0,1,0,1,0,1
47,0,0,0,0,0,0,0,0,0,0,0,0,0,0
2538,0,1,0,1,0,1,0,1,0,1,0,1,0,1
1160,0,0,0,0,0,0,0,0,0,0,0,0,0,0
10948,0,0,0,0,0,0,0,0,0,0,0,0,0,0
2330,0,0,0,0,0,0,0,0,0,0,0,0,0,0
5160,0,0,0,0,0,0,0,0,0,0,0,0,0,0
64087,0,0,0,0,0,0,0,0,0,0,0,0,0,0
22856,0,0,0,0,0,0,0,0,0,0,0,0,0,0
2643,0,0,0,0,0,0,0,0,0,0,0,0,0,0
1644,0,0,0,1,0,1,0,0,0,1,0,0,0,1
55065,0,1,0,1,0,1,0,1,0,1,0,1,0,1
91703,0,1,0,1,0,1,0,1,0,1,0,1,0,1
8170,0,1,0,1,0,1,0,1,0,1,0,1,0,1
5145,1,0,1,0,1,0,1,0,1,0,1,0,1,0
93492,0,0,0,0,0,0,0,0,0,0,0,0,0,0
1118,0,0,0,0,0,0,0,0,0,0,0,0,0,0
9365,0,0,0,1,0,1,0,0,0,1,0,0,0,1
55748,0,1,0,1,0,1,0,1,0,1,0,1,0,1
51520,0,0,0,0,0,0,0,0,0,0,0,0,0,0
759,1,0,1,0,1,0,1,0,1,0,1,0,1,0
4017,0,0,0,0,0,0,0,0,0,0,0,0,0,0
3158,1,0,1,0,1,0,1,0,1,0,1,0,1,0
129607,0,0,0,0,0,0,0,0,0,0,0,0,0,0
3939,0,0,0,0,0,0,0,0,0,0,0,0,0,0
1573,0,0,0,1,0,1,0,0,0,1,0,0,0,1
9415,0,0,0,0,0,0,0,0,0,0,0,0,0,0
29968,0,0,0,0,0,0,0,0,0,0,0,0,0,0
10993,0,0,0,0,0,0,0,0,0,0,0,0,0,0
948,0,0,0,0,0,0,0,0,0,0,0,0,0,0
5959,0,0,0,0,0,0,0,0,0,0,0,0,0,0
2799,0,1,0,1,0,1,0,1,0,1,0,1,0,1
53630,0,1,0,1,0,1,0,1,0,1,0,1,0,1
23563,0,0,0,0,0,0,0,0,0,0,0,0,0,0
2752,1,1,1,0,1,0,1,1,1,0,1,0,1,0
80704,0,0,0,0,0,0,0,0,0,0,0,0,0,0
1593,0,1,0,1,0,1,0,1,0,1,0,1,0,1
160428,0,0,0,0,0,0,0,0,0,0,0,0,0,0
3658,0,0,0,0,0,0,0,0,0,0,0,0,0,0
11227,0,0,0,0,0,0,0,0,0,0,0,0,0,0
7295,0,0,0,0,0,0,0,0,0,0,0,0,0,0
29988,0,0,0,1,0,0,0,0,0,0,0,0,0,0
229,0,1,0,1,0,1,0,1,0,1,0,1,0,1
9550,0,0,0,0,0,0,0,0,0,0,0,0,0,0
219,0,0,0,0,0,0,0,0,0,0,0,0,0,0
11309,0,1,0,1,0,1,0,1,0,1,0,1,0,1
8836,1,0,1,0,1,0,1,0,1,0,1,0,1,0
2542,0,1,0,1,0,1,0,1,0,1,0,1,0,1
3706,0,0,0,1,0,0,0,0,0,0,0,0,0,0
9153,0,0,0,1,0,1,0,0,0,1,0,0,0,1
1588,0,0,0,0,0,0,0,1,0,0,0,0,0,0
56267,0,0,0,0,0,0,0,0,0,0,0,0,0,0
85465,0,0,0,0,0,1,0,0,0,1,0,0,0,1
3032,0,0,0,1,0,1,0,0,0,1,0,0,0,1
3795,0,1,0,1,0,1,0,1,0,1,0,1,0,1
109,0,0,0,0,0,0,0,0,0,0,0,0,0,0
1545,0,0,0,1,0,0,0,0,0,0,0,0,0,0
64240,0,1,0,1,0,1,0,1,0,1,0,1,0,1
6519,0,1,0,1,0,1,0,1,0,1,0,1,0,1
1559,0,1,0,1,0,1,0,1,0,1,0,1,0,1
1558,0,0,0,0,0,0,0,0,0,0,0,0,0,0
9023,0,0,0,0,0,0,0,0,0,0,0,0,0,0
51196,1,0,1,0,1,0,1,0,1,0,1,0,1,0
84803,0,0,0,1,0,1,0,0,0,1,0,0,0,1
3033,0,0,0,0,0,0,0,0,0,0,0,0,0,0
9061,0,0,0,0,0,0,0,0,0,0,0,0,0,0
5288,0,1,0,1,0,1,0,1,0,1,0,1,0,1
4704,0,0,0,0,0,0,0,0,0,0,0,0,0,0
55089,0,0,0,0,0,0,0,0,0,0,0,0,0,0
11226,0,0,0,0,0,0,0,0,0,0,0,0,0,0
51380,0,0,0,1,0,0,0,0,0,0,0,0,0,0
2098,0,0,0,0,0,0,0,0,0,0,0,0,0,0
122481,0,0,0,0,0,0,0,0,0,0,0,0,0,0
9990,0,1,0,1,0,1,0,1,0,1,0,1,0,1
50506,0,0,0,0,0,0,0,0,0,0,0,0,0,0
11001,0,0,0,0,0,0,0,0,0,0,0,0,0,0
23478,0,0,0,0,0,0,0,0,0,0,0,0,0,0
5373,0,0,0,0,0,0,0,0,0,0,0,0,0,0
6524,0,1,0,1,0,1,0,1,0,1,0,1,0,1
2588,0,0,0,1,0,0,0,0,0,0,0,0,0,0
3613,0,0,0,0,0,0,0,0,0,0,0,0,0,0
112483,0,1,0,1,0,1,0,1,0,1,0,1,0,1
9123,0,0,0,0,0,0,0,0,0,0,0,0,0,0
80162,0,1,0,1,0,1,0,1,0,1,0,1,0,1
6518,0,1,0,1,0,1,0,1,0,1,0,1,0,1
113451,0,0,0,0,0,0,0,0,0,0,0,0,0,0
5298,0,0,0,1,0,0,0,0,0,0,0,0,0,0
8394,0,0,0,0,0,0,0,0,0,0,0,0,0,0
5313,0,1,0,1,0,1,0,1,0,1,0,1,0,1
2590,0,0,0,0,0,0,0,0,0,0,0,0,0,0
8560,0,1,0,1,0,1,0,1,0,1,0,1,0,1
129642,1,0,1,0,1,0,1,0,1,0,1,0,1,0
245973,0,0,0,0,0,0,0,0,0,0,0,0,0,0
64241,0,1,0,1,0,1,0,1,0,1,0,1,0,1
114805,0,1,0,1,0,1,0,1,0,1,0,1,0,1
57282,0,0,0,0,0,0,0,0,0,0,0,0,0,0
10840,0,0,0,0,0,0,0,0,0,0,0,0,0,0
1609,0,0,0,1,0,0,0,0,0,0,0,0,0,0
10861,0,0,0,1,0,1,0,0,0,1,0,1,0,1
79966,0,0,0,0,0,0,0,0,0,0,0,0,0,0
80854,0,0,0,0,0,0,0,0,0,0,0,0,0,0
6715,0,0,0,0,0,0,0,0,0,0,0,0,0,0
5295,0,0,0,0,0,0,0,0,0,0,0,0,0,0
7941,0,0,0,0,0,0,0,0,0,0,0,0,0,0
51557,0,0,0,0,0,0,0,0,0,0,0,0,0,0
51302,0,0,0,0,0,0,0,0,0,0,0,0,0,0
154091,0,0,0,1,0,0,0,0,0,0,0,0,0,0
6581,0,0,0,0,0,0,0,0,0,0,0,0,0,0
526,0,1,0,1,0,1,0,1,0,1,0,1,0,1
115111,0,0,0,0,0,0,0,0,0,0,0,0,0,0
7357,0,0,0,0,0,0,0,0,0,0,0,0,0,0
9536,0,1,0,0,0,0,0,1,0,0,0,0,0,0
2746,0,0,0,0,0,0,0,0,0,0,0,0,0,0
196743,0,1,0,1,0,1,0,1,0,1,0,1,0,1
159963,0,1,0,1,0,1,0,1,0,1,0,1,0,1
8525,0,0,0,1,0,0,0,0,0,0,0,0,0,0
8501,0,0,0,0,0,0,0,0,0,0,0,0,0,0
9651,0,0,0,0,0,0,0,0,0,0,0,0,0,0
5331,0,1,0,1,0,1,0,1,0,1,0,1,0,1
226,0,0,0,0,0,0,0,0,0,0,0,0,0,0
8479,0,0,0,1,0,0,0,0,0,0,0,0,0,0
3176,0,0,0,0,0,0,0,0,0,0,0,0,0,0
1737,0,0,0,0,0,0,0,0,0,0,0,0,0,0
23657,0,0,0,0,0,0,0,0,0,0,0,0,0,0
54995,0,0,0,0,0,0,0,0,0,0,0,0,0,0
55293,0,0,0,0,0,0,0,0,0,0,0,0,0,0
253430,0,0,0,0,0,0,0,0,0,0,0,0,0,0
2132,0,0,0,0,0,0,0,0,0,0,0,0,0,0
10873,0,0,0,0,0,0,0,0,0,0,0,0,0,0
2180,0,0,0,0,0,0,0,0,0,0,0,0,0,0
5140,0,0,0,0,0,0,0,0,0,0,0,0,0,0
5213,0,0,0,0,0,0,0,0,0,0,0,0,0,0
5169,0,0,0,1,0,1,0,0,0,1,0,0,0,1
84532,0,0,0,1,0,1,0,0,0,1,0,1,0,1
55326,0,0,0,0,0,0,0,0,0,0,0,0,0,0
55361,0,0,0,0,0,0,0,0,0,0,0,0,0,0
6566,1,0,1,0,1,0,1,0,1,0,1,0,1,0
9056,0,1,0,1,0,1,0,1,0,1,0,1,0,1
1836,1,0,1,0,1,0,1,0,1,0,1,0,1,0
132,0,0,0,0,0,0,0,0,0,0,0,0,0,0
9154,0,1,0,1,0,1,0,1,0,1,0,1,0,1
80201,0,1,0,1,0,1,1,1,0,1,1,1,0,1
3098,1,1,1,0,1,0,1,1,1,0,1,1,1,0
6483,0,0,0,0,0,0,0,0,0,0,0,0,0,0
347734,0,0,0,0,0,0,0,0,0,0,0,0,0,0
10568,0,1,0,1,0,1,0,1,0,1,0,1,0,1
79623,0,1,0,1,0,1,0,1,0,1,0,1,0,1
7498,0,0,0,0,0,0,0,0,0,0,0,0,0,0
23382,1,0,1,0,1,0,1,0,1,0,1,0,1,0
9334,1,1,1,0,1,0,1,1,1,0,1,0,1,0
1358,0,1,0,1,0,1,1,1,0,1,0,1,0,1
137964,0,0,0,0,0,0,0,0,0,0,0,0,0,0
8703,0,0,0,0,0,0,0,0,0,0,0,0,0,0
115584,0,1,0,1,0,1,0,1,0,1,0,1,0,1
79053,0,0,0,0,0,0,0,0,0,0,0,0,0,0
8867,0,0,0,0,0,0,0,0,0,0,0,0,0,0
516,0,0,0,0,0,0,0,0,0,0,0,0,0,0
873,0,1,0,1,0,1,0,1,0,1,0,1,0,1
3099,1,1,1,0,1,0,1,1,1,0,1,1,1,0
8659,0,0,0,0,0,0,0,0,0,0,0,0,0,0
1636,0,1,0,1,0,1,0,1,0,1,0,1,0,1
10020,1,0,1,0,1,0,1,0,1,0,1,0,1,0
5152,0,0,0,0,0,0,0,0,0,0,0,0,0,0
102724560,0,0,0,1,0,1,0,0,0,1,0,0,0,1
8566,0,0,0,0,0,0,0,0,0,0,0,0,0,0
56894,0,0,0,1,0,1,0,0,0,1,0,0,0,1
4047,0,0,0,0,0,0,0,0,0,0,0,0,0,0
30815,1,0,1,0,1,0,1,0,1,0,1,0,1,0
112724,1,0,1,1,1,0,1,0,1,0,1,0,1,0
125965,1,0,1,0,1,0,1,0,1,0,1,0,1,0
1576,0,1,0,1,0,1,0,1,0,1,0,1,0,1
1551,0,0,0,1,0,1,0,0,0,1,0,0,0,1
3101,0,0,0,0,0,0,0,0,0,0,0,0,0,0
11282,0,0,0,1,0,0,0,0,0,0,0,0,0,0
5130,0,0,0,0,0,0,0,0,0,0,0,0,0,0
622,0,0,0,0,0,0,0,0,0,0,0,0,0,0
51,0,0,0,0,0,0,0,0,0,0,0,0,0,0
162417,0,1,0,1,0,1,0,1,0,1,0,1,0,1
113026,1,0,1,0,1,0,1,0,1,0,1,0,1,0
51005,0,0,0,1,0,0,0,0,0,0,0,0,0,0
115,0,0,0,1,0,0,0,0,0,0,0,0,0,0
80150,1,1,1,0,1,0,1,1,1,0,1,1,1,0
6512,0,1,0,1,0,1,0,1,0,1,0,1,0,1
249,0,1,0,0,0,0,0,0,0,0,0,0,0,0
178,0,0,0,0,0,0,0,0,0,0,0,0,0,0
28982,0,1,0,1,0,1,0,1,0,1,0,1,0,1
23498,0,0,0,1,0,1,0,0,0,1,0,0,0,1
248,0,1,0,1,0,1,0,1,0,1,0,1,0,1
10654,0,0,0,1,0,0,0,0,0,0,0,0,0,0
476,0,0,0,1,0,0,0,0,0,0,0,0,0,0
8802,0,0,0,0,0,0,0,0,0,0,0,0,0,0
6514,0,1,0,1,0,1,0,1,0,1,0,1,0,1
441024,0,0,0,0,0,0,0,0,0,0,0,0,0,0
2992,0,0,0,0,0,0,0,0,0,0,0,0,0,0
54716,0,1,0,1,0,1,0,1,0,1,0,1,0,1
23305,0,0,0,0,0,1,0,0,0,0,0,0,0,0
10559,0,0,0,0,0,0,0,0,0,0,0,0,0,0
761,0,0,0,1,0,1,0,0,0,1,0,0,0,1
6522,0,0,0,1,0,0,0,0,0,0,0,0,0,0
19,0,0,0,0,0,0,0,0,0,0,0,0,0,0
57094,1,0,1,0,1,0,1,0,1,0,0,0,1,0
216,0,1,0,1,0,1,0,1,0,1,0,1,0,1
2203,0,1,0,1,0,1,0,1,0,1,0,1,0,1
5277,0,0,0,0,0,0,0,0,0,0,0,0,0,0
118881,0,0,0,1,0,0,0,0,0,0,0,0,0,0
1557,0,1,0,1,0,1,0,1,0,1,0,1,0,1
3990,0,0,0,0,0,0,0,0,0,0,0,0,0,0
84706,0,0,0,0,0,0,1,0,0,0,0,0,0,0
81693,0,0,0,1,0,0,0,0,0,0,0,0,0,0
1152,1,0,1,0,1,0,1,0,1,0,1,0,1,0
8879,0,0,0,0,0,0,0,0,0,0,0,0,0,0
6609,0,0,0,0,0,0,0,0,0,0,0,0,0,0
1200,0,0,0,0,0,0,0,0,0,0,0,0,0,0
80168,0,0,0,1,0,1,0,0,0,1,0,0,0,1
51700,0,0,0,0,0,0,0,0,0,0,0,0,0,0
7084,0,0,0,0,0,0,0,0,0,0,0,0,0,0
197257,1,0,1,0,1,0,1,0,1,0,1,0,1,0
290,0,1,0,1,0,1,0,1,0,1,0,1,0,1
79837,0,0,0,0,0,0,0,0,0,0,0,0,0,0
10999,0,0,0,1,0,0,0,0,0,0,0,0,0,0
57171,0,0,0,0,0,0,0,0,0,0,0,0,0,0
6240,0,0,0,0,0,0,0,0,0,0,0,0,0,0
4025,0,0,0,0,0,0,0,0,0,0,0,0,0,0
762,1,0,1,0,1,0,1,0,1,0,1,0,1,0
2879,0,0,0,1,0,1,0,0,0,1,0,0,0,1
2819,0,1,0,1,0,1,0,1,0,1,0,1,0,1
29785,0,0,0,0,0,0,0,0,0,0,0,0,0,0
2875,0,0,0,0,0,0,0,0,0,0,0,0,0,0
124935,0,1,0,1,0,1,0,1,0,1,0,1,0,1
8435,0,1,0,1,0,1,0,1,0,1,0,1,0,1
1632,0,0,0,1,0,0,0,0,0,0,0,0,0,0
956,0,0,0,0,0,0,0,0,0,0,0,0,0,0
5049,0,0,0,0,0,0,0,0,0,0,0,0,0,0
132158,0,1,0,1,0,1,0,1,0,1,0,1,0,1
5162,0,0,0,0,0,0,0,0,0,0,0,0,0,0
8309,0,0,0,1,0,1,0,0,0,1,0,0,0,1
123099,0,1,0,1,0,1,0,0,0,1,0,1,0,1
4725,0,0,0,0,0,0,0,0,0,0,0,0,0,0
10768,0,0,0,0,0,0,0,0,0,0,0,0,0,0
766,1,0,1,0,1,0,1,0,1,0,1,0,1,0
7386,0,0,0,0,0,0,0,0,0,0,0,0,0,0
126129,0,0,0,0,0,0,0,0,0,0,0,0,0,0
10555,0,0,0,1,0,0,0,0,0,0,0,0,0,0
7360,1,0,1,0,1,0,1,0,1,0,1,0,1,0
686,0,0,0,1,0,1,0,0,0,1,0,1,0,1
2990,0,0,0,0,0,0,0,0,0,0,0,0,0,0
2720,0,0,0,0,0,0,0,0,0,0,0,0,0,0
10678,0,0,0,0,0,0,0,0,0,0,0,0,0,0
7779,0,0,0,0,0,1,0,0,0,1,0,0,0,1
9963,0,1,0,1,0,1,0,1,0,1,0,1,0,1
79071,0,0,0,0,0,0,0,0,0,0,0,0,0,0
5209,0,0,0,0,0,0,0,0,0,0,0,0,0,0
195814,0,0,0,0,0,0,0,0,0,0,0,0,0,0
1056,0,0,0,0,0,0,0,0,0,0,0,0,0,0
90161,1,1,1,0,1,0,1,1,1,0,1,1,1,0
883,0,0,0,0,0,0,0,0,0,0,0,0,0,0
64080,0,0,0,1,0,1,0,0,0,1,0,0,0,1
7364,0,1,0,1,0,1,0,1,0,1,0,1,0,1
2110,0,0,0,0,0,0,0,0,0,0,0,0,0,0
2628,0,1,0,1,0,1,0,1,0,1,0,1,0,1
1503,0,0,0,0,0,0,0,0,0,0,0,0,0,0
682,1,0,1,0,1,0,1,0,1,0,1,0,1,0
55304,0,0,0,1,0,1,0,0,0,1,0,0,0,1
8801,0,0,0,0,0,0,0,0,0,0,0,0,0,0
189,0,0,0,0,0,0,0,0,0,0,0,0,0,0
134526,0,0,0,0,0,0,0,0,0,0,0,0,0,0
5139,0,0,0,0,0,0,0,0,0,0,0,0,0,0
8824,0,0,0,1,0,1,0,0,0,1,0,0,0,1
130,0,0,0,1,0,1,0,0,0,1,0,0,0,1
111,0,0,0,0,0,0,0,0,0,0,0,0,0,0
2745,0,0,0,1,0,1,0,0,0,1,0,0,0,1
6573,0,0,0,0,0,0,0,0,0,0,0,0,0,0
162466,0,1,0,0,0,0,0,0,0,0,0,0,0,0
112,0,0,0,0,0,0,0,0,0,0,0,0,0,0
340024,0,1,0,1,0,1,0,1,0,1,0,1,0,1
6578,0,0,0,0,0,0,0,0,0,0,0,0,0,0
9435,0,0,0,0,0,0,0,0,0,0,0,0,0,0
28,0,0,0,1,0,0,0,0,0,0,0,0,0,0
5095,0,0,0,0,0,0,0,0,0,0,0,0,0,0
4023,0,0,0,0,0,0,0,0,0,0,0,0,0,0
2877,0,0,0,0,0,0,0,0,0,0,0,0,0,0
8877,0,0,0,0,0,0,0,0,0,0,0,0,0,0
3291,0,0,0,0,0,0,0,0,0,0,0,0,0,0
28232,0,0,0,0,0,0,0,0,0,0,0,0,0,0
51301,0,1,0,1,0,1,0,1,0,1,0,1,0,1
6470,0,1,0,1,0,1,0,1,0,1,0,1,0,1
374907,0,0,0,1,0,0,0,0,0,0,0,0,0,0
79751,0,0,0,0,0,0,0,0,0,0,0,0,0,0
2629,0,0,0,0,0,0,0,0,0,0,0,0,0,0
3615,0,0,0,0,0,0,0,0,0,0,0,0,0,0
788,0,0,0,0,0,0,0,0,0,0,0,0,0,0
767,0,0,0,0,0,0,0,0,0,0,0,0,0,0
4351,0,0,0,0,0,0,0,0,0,0,0,0,0,0
246213,0,1,0,1,0,1,0,1,0,1,0,1,0,1
51268,0,1,0,1,0,1,0,1,0,1,0,1,0,1
22928,0,0,0,1,0,0,0,0,0,0,0,0,0,0
79077,0,0,0,0,0,0,0,0,0,0,0,0,0,0
166012,0,0,0,1,0,0,0,0,0,0,0,0,0,0
120103,0,0,0,0,0,0,0,0,0,0,0,0,0,0
339221,0,1,0,1,0,1,0,1,0,1,0,1,0,1
2131,0,0,0,0,0,0,0,0,0,0,0,0,0,0
124637,0,0,0,0,0,0,0,0,0,0,0,0,0,0
2747,0,0,0,0,0,0,0,0,0,0,0,0,0,0
5831,0,0,0,0,0,0,0,0,0,0,0,0,0,0
6546,0,1,0,1,0,1,0,1,0,1,0,0,0,1
18,0,0,0,0,0,0,0,0,0,0,0,0,0,0
4166,0,0,0,1,0,0,0,0,0,0,0,0,0,0
7378,0,0,0,0,0,0,1,0,0,0,0,0,0,0
29796,0,0,0,0,0,0,0,0,0,0,0,0,0,0
220,0,1,0,1,0,1,0,1,0,1,0,1,0,1
8398,0,0,0,1,0,0,0,0,0,0,0,0,0,0
5142,0,0,0,0,0,0,0,0,0,0,0,0,0,0
8694,0,1,0,1,0,1,0,1,0,1,0,1,0,1
377677,0,0,0,1,0,1,0,0,0,1,0,0,0,1
122622,0,0,0,1,0,0,0,0,0,0,0,0,0,0
27124,0,0,0,1,0,1,0,0,0,1,0,0,0,1
5833,0,0,0,1,0,0,0,0,0,0,0,0,0,0
8529,0,1,0,1,0,1,0,1,0,1,0,1,0,1
66002,0,0,0,1,0,1,0,0,0,1,0,0,0,1
4051,0,1,0,1,0,1,0,0,0,1,0,1,0,1
5138,0,0,0,0,0,0,0,0,0,0,0,0,0,0
5333,1,0,1,0,1,0,1,0,1,0,1,0,1,0
957,0,0,0,0,0,0,0,0,0,0,0,0,0,0
2650,0,1,0,1,0,1,0,1,0,1,0,1,0,1
1806,0,1,0,1,0,1,0,1,0,1,0,1,0,1
4128,0,0,0,0,0,0,0,0,0,0,0,0,0,0
36,0,0,0,0,0,0,0,0,0,0,0,0,0,0
80055,0,0,0,0,0,0,0,0,0,0,0,0,0,0
51703,0,0,0,1,0,1,0,0,0,1,0,0,0,1
6799,0,0,0,1,0,1,0,0,0,1,0,0,0,1
6583,0,1,0,1,0,1,0,1,0,1,0,1,0,1
5265,0,1,0,1,0,1,0,1,0,1,0,1,0,1
1555,0,1,0,1,0,1,0,1,0,1,0,1,0,1
81031,0,0,0,0,0,0,0,0,0,0,0,0,0,0
64078,0,0,0,0,0,0,0,0,0,0,0,0,0,0
23556,0,0,0,0,0,0,0,0,0,0,0,0,0,0
5167,0,0,0,0,0,0,0,0,0,0,0,0,0,0
6120,0,0,0,0,0,0,0,0,0,0,0,0,0,0
114112,0,0,0,0,0,0,0,0,0,0,0,0,0,0
128,0,0,0,0,0,0,0,0,0,0,0,0,0,0
127,0,0,0,1,0,0,0,0,0,0,0,0,0,0
55315,0,0,0,0,0,0,0,0,0,0,0,0,0,0
142680,0,1,0,1,0,1,0,1,0,1,0,1,0,1
2710,0,1,0,1,0,1,0,1,0,1,0,1,0,1
259230,0,0,0,0,0,0,0,0,0,0,0,0,0,0
8528,0,0,0,1,0,1,0,0,0,1,0,0,0,1
3283,0,1,0,1,0,1,0,1,0,1,0,1,0,1
129807,0,0,0,0,0,0,0,0,0,0,0,0,0,0
10554,0,1,0,1,0,1,0,0,0,1,0,1,0,1
84912,0,1,0,0,0,1,0,1,0,1,0,1,0,1
57194,0,0,0,0,0,0,0,0,0,0,0,0,0,0
2878,0,0,0,1,0,0,0,1,0,0,0,0,0,0
2592,0,0,0,1,0,1,0,0,0,1,0,0,0,1
65010,0,0,0,0,0,0,0,0,0,0,0,0,0,0
4830,0,0,0,0,0,0,0,0,0,0,0,0,0,0
158,0,0,0,0,0,0,0,0,0,0,0,0,0,0
280,0,0,0,0,0,0,0,0,0,0,0,0,0,0
84129,0,0,0,1,0,1,0,0,0,1,0,0,0,1
358,0,0,0,1,0,1,0,0,0,1,0,0,0,1
257068,0,0,0,1,0,1,0,0,0,1,0,0,0,1
57026,0,0,0,1,0,0,0,0,0,0,0,0,0,0
23600,0,0,0,0,0,0,0,0,0,0,0,0,0,0
54576,0,0,0,1,0,1,0,0,0,1,0,0,0,1
95,0,1,0,1,0,1,0,1,0,1,0,1,0,1
1650,0,0,0,0,0,0,0,0,0,0,0,0,0,0
54657,0,0,0,0,0,0,0,0,0,0,0,0,0,0
57733,0,1,0,1,0,1,0,1,0,1,0,1,0,1
8972,0,1,0,1,0,1,0,1,0,1,0,1,0,1
